{"index.html":1699155550.4372828,"license.html":1699155550.5398488,"credits.html":1699155550.8171988,"disclaimer.html":1699155551.5632236,"terms.html":1699155551.654041,"privacy.html":1699155551.746961,"cookie.html":1699155551.8740556,"about.html":1699155551.9744837,"contact.html":1699155552.0327158}